id,first_name,last_name,email,gender
1,Rozina,Sullivan,rsullivan0@list-manage.com,Polygender
2,Gavan,Candlish,gcandlish1@boston.com,Male
3,Amandi,Gabbetis,agabbetis2@e-recht24.de,Female
4,Chauncey,Arend,carend3@php.net,Male
5,Teressa,Golds,tgolds4@arizona.edu,Female
6,Niccolo,Dowsey,ndowsey5@feedburner.com,Male
7,Zerk,Yedall,zyedall6@gnu.org,Male
8,Moritz,Jesper,mjesper7@altervista.org,Male
9,Desi,Hauger,dhauger8@wix.com,Male
10,Verna,Serridge,vserridge9@ucsd.edu,Female
11,Biron,Filippello,bfilippelloa@shop-pro.jp,Agender
12,Roosevelt,Orange,rorangeb@cam.ac.uk,Bigender
13,Neysa,O'Beirne,nobeirnec@cnet.com,Female
14,Cornela,Knightsbridge,cknightsbridged@cnbc.com,Female
15,Poul,Crimp,pcrimpe@1688.com,Male
16,Rubie,McCay,rmccayf@google.pl,Female
17,Grata,Aingel,gaingelg@newyorker.com,Female
18,Milissent,Macro,mmacroh@mozilla.org,Female
19,Fiona,Sellstrom,fsellstromi@reference.com,Female
20,Miguel,Delhanty,mdelhantyj@sina.com.cn,Male
21,Moreen,Winfrey,mwinfreyk@epa.gov,Female
22,Arnoldo,Dickons,adickonsl@comcast.net,Male
23,Felipe,Warsap,fwarsapm@furl.net,Male
24,Garold,Dimont,gdimontn@army.mil,Male
25,Gus,Stelljes,gstelljeso@tuttocitta.it,Female
26,Estrellita,Yegorchenkov,eyegorchenkovp@goo.gl,Female
27,Scott,Jacobowits,sjacobowitsq@cbsnews.com,Male
28,Emlynne,Nutbeam,enutbeamr@netscape.com,Female
29,Christine,Podbury,cpodburys@webnode.com,Female
30,Elias,Brunskill,ebrunskillt@epa.gov,Male
31,De,Braidley,dbraidleyu@cyberchimps.com,Female
32,Nariko,Venny,nvennyv@trellian.com,Female
33,Tabbitha,Degenhardt,tdegenhardtw@blinklist.com,Female
34,Tawsha,Gatman,tgatmanx@gravatar.com,Female
35,Hali,Beeke,hbeekey@toplist.cz,Female
36,Isador,MacMenamie,imacmenamiez@omniture.com,Bigender
37,Blaine,Basile,bbasile10@imgur.com,Male
38,Nola,Arnecke,narnecke11@mapy.cz,Female
39,Maure,Turneaux,mturneaux12@google.it,Female
40,Janine,Ponsford,jponsford13@bravesites.com,Female
41,Virginia,Manwell,vmanwell14@google.de,Female
42,Mireielle,Saberton,msaberton15@guardian.co.uk,Female
43,Ronnie,Corbie,rcorbie16@vinaora.com,Female
44,Carce,Cote,ccote17@house.gov,Male
45,Kirbee,Ellett,kellett18@pagesperso-orange.fr,Female
46,Hammad,Jedrychowski,hjedrychowski19@gov.uk,Male
47,Engelbert,Croad,ecroad1a@qq.com,Genderqueer
48,Mano,Gagen,mgagen1b@constantcontact.com,Male
49,Hal,Gennings,hgennings1c@abc.net.au,Male
50,Candra,Carrington,ccarrington1d@newsvine.com,Female
51,Kermit,Fairhead,kfairhead1e@naver.com,Male
52,Webster,Rusk,wrusk1f@mozilla.org,Male
53,Kelcy,Hurdedge,khurdedge1g@indiegogo.com,Female
54,Lola,Freak,lfreak1h@columbia.edu,Female
55,Pauli,Honacker,phonacker1i@themeforest.net,Female
56,Jamesy,Ragborne,jragborne1j@geocities.com,Male
57,Noel,Suddell,nsuddell1k@chron.com,Female
58,Lorry,Christley,lchristley1l@sciencedirect.com,Genderfluid
59,Mellie,Brunskill,mbrunskill1m@people.com.cn,Genderfluid
60,Rockey,Jasik,rjasik1n@last.fm,Male
61,Haze,Lorente,hlorente1o@telegraph.co.uk,Male
62,Saleem,Westerman,swesterman1p@constantcontact.com,Male
63,Terza,McAster,tmcaster1q@cocolog-nifty.com,Female
64,Keary,Rakestraw,krakestraw1r@rediff.com,Male
65,Tiler,Troyes,ttroyes1s@aol.com,Male
66,Nate,Behan,nbehan1t@soup.io,Male
67,Mattie,Noraway,mnoraway1u@symantec.com,Male
68,Tod,Imison,timison1v@mozilla.org,Male
69,Jessey,Shoebrook,jshoebrook1w@oaic.gov.au,Genderfluid
70,Brooks,Boutcher,bboutcher1x@gnu.org,Male
71,Margaretta,Cartan,mcartan1y@51.la,Female
72,Cooper,Caughte,ccaughte1z@gravatar.com,Male
73,Gisela,Brilleman,gbrilleman20@tumblr.com,Female
74,Maxwell,Suffe,msuffe21@businessinsider.com,Male
75,Zelma,Futter,zfutter22@indiegogo.com,Female
76,Fee,Tapin,ftapin23@statcounter.com,Male
77,Gordon,De Gowe,gdegowe24@nifty.com,Male
78,Mark,Bryenton,mbryenton25@fotki.com,Male
79,Ruthann,Fleckney,rfleckney26@ted.com,Female
80,Warner,Unger,wunger27@squarespace.com,Male
81,Linc,Siddens,lsiddens28@clickbank.net,Male
82,Francesco,Brannon,fbrannon29@phpbb.com,Agender
83,Perceval,Reeves,preeves2a@bizjournals.com,Male
84,Elbertina,Tookey,etookey2b@youku.com,Female
85,Kathe,Costelow,kcostelow2c@nyu.edu,Female
86,Aurelie,McGoogan,amcgoogan2d@amazon.co.jp,Female
87,Tymon,Cloney,tcloney2e@networksolutions.com,Male
88,Derk,Screas,dscreas2f@cbslocal.com,Male
89,Pace,Gibbonson,pgibbonson2g@umn.edu,Male
90,Kristan,D'eath,kdeath2h@adobe.com,Female
91,Thedric,Albinson,talbinson2i@issuu.com,Male
92,Salli,Tuckerman,stuckerman2j@webs.com,Female
93,Raimundo,Emmerson,remmerson2k@blinklist.com,Male
94,Esme,Ungerecht,eungerecht2l@bloglovin.com,Female
95,Gasparo,Redmond,gredmond2m@wikispaces.com,Male
96,Emelina,Colebourne,ecolebourne2n@globo.com,Female
97,Orton,Flucks,oflucks2o@blinklist.com,Male
98,Krystle,Stadding,kstadding2p@opera.com,Female
99,Kearney,Franses,kfranses2q@yellowbook.com,Male
100,Quintana,Glitherow,qglitherow2r@biblegateway.com,Female
101,Delly,Ortzen,dortzen2s@dmoz.org,Female
102,Rosemarie,Andrzejowski,randrzejowski2t@reuters.com,Female
103,Rorie,Vandenhoff,rvandenhoff2u@wikipedia.org,Female
104,Woodrow,Sally,wsally2v@google.de,Male
105,Alf,Crellim,acrellim2w@theguardian.com,Male
106,Tabby,MacSween,tmacsween2x@usatoday.com,Male
107,Karyl,Avrahamoff,kavrahamoff2y@gov.uk,Female
108,Silva,Marcham,smarcham2z@chron.com,Female
109,Wendi,Hourihan,whourihan30@dagondesign.com,Female
110,Vonnie,Bream,vbream31@samsung.com,Female
111,Fina,Hardacre,fhardacre32@deliciousdays.com,Female
112,Christen,Woolfitt,cwoolfitt33@imgur.com,Female
113,Anthiathia,Pietrzak,apietrzak34@economist.com,Female
114,Lionello,Toombs,ltoombs35@privacy.gov.au,Male
115,Garnet,Brayn,gbrayn36@omniture.com,Female
116,Hunter,Berthomier,hberthomier37@de.vu,Male
117,Horatius,Lorans,hlorans38@paginegialle.it,Male
118,Amabel,Carlson,acarlson39@apple.com,Female
119,Alica,Bridgewood,abridgewood3a@un.org,Female
120,Hanna,Proback,hproback3b@baidu.com,Female
121,Alphonso,Locarno,alocarno3c@umich.edu,Male
122,Elbert,Knotton,eknotton3d@livejournal.com,Male
123,Waldon,Millea,wmillea3e@nymag.com,Male
124,Mortie,Gratrix,mgratrix3f@goo.gl,Male
125,Tod,Guilleton,tguilleton3g@google.de,Male
126,Aldous,Bruneton,abruneton3h@sfgate.com,Male
127,Barnaby,Scorthorne,bscorthorne3i@xrea.com,Non-binary
128,Arron,Walkden,awalkden3j@mysql.com,Male
129,Claudetta,Gateshill,cgateshill3k@cdbaby.com,Female
130,Tatum,Honnan,thonnan3l@macromedia.com,Female
131,Bill,Gilpillan,bgilpillan3m@hc360.com,Male
132,Karim,Lias,klias3n@instagram.com,Male
133,Mateo,Soeiro,msoeiro3o@miitbeian.gov.cn,Male
134,Kristofer,Hurler,khurler3p@springer.com,Male
135,Augie,Jakubovicz,ajakubovicz3q@ox.ac.uk,Genderqueer
136,Tarrance,Turfs,tturfs3r@wikia.com,Male
137,Sanders,Thinn,sthinn3s@github.io,Male
138,Marigold,Dulen,mdulen3t@posterous.com,Female
139,Gabriel,Arnley,garnley3u@yelp.com,Male
140,Gideon,Stanning,gstanning3v@privacy.gov.au,Male
141,Jorie,MacElane,jmacelane3w@arstechnica.com,Female
142,Lauryn,Kingshott,lkingshott3x@nationalgeographic.com,Female
143,Sofia,Wagstaff,swagstaff3y@mit.edu,Polygender
144,Skylar,Mahmood,smahmood3z@bbc.co.uk,Male
145,Kristos,Burhouse,kburhouse40@cnet.com,Male
146,Shena,Aymes,saymes41@opera.com,Female
147,Alexine,Alder,aalder42@ted.com,Female
148,Calvin,Dowding,cdowding43@youku.com,Male
149,Siward,Noblet,snoblet44@sun.com,Male
150,Filip,Greenall,fgreenall45@booking.com,Male
151,Nelia,Polkinghorne,npolkinghorne46@vk.com,Female
152,Walton,Batcock,wbatcock47@lycos.com,Male
153,Agnese,Boundey,aboundey48@paginegialle.it,Female
154,Daniel,Shapcote,dshapcote49@xing.com,Male
155,Dniren,Biagioni,dbiagioni4a@dropbox.com,Female
156,Bartholomeo,Brentnall,bbrentnall4b@cam.ac.uk,Male
157,Diahann,Lunny,dlunny4c@loc.gov,Female
158,Christalle,Bett,cbett4d@usnews.com,Agender
159,Emmet,Crolla,ecrolla4e@pen.io,Male
160,Eb,Neames,eneames4f@yandex.ru,Male
161,Davin,Sivier,dsivier4g@tmall.com,Male
162,Cullen,Bartholomieu,cbartholomieu4h@fda.gov,Male
163,Benedict,Brand,bbrand4i@wsj.com,Male
164,Jenine,Heffron,jheffron4j@hugedomains.com,Female
165,Courtnay,Hovenden,chovenden4k@wsj.com,Female
166,Westley,Fearnyough,wfearnyough4l@wix.com,Male
167,Esme,Buntine,ebuntine4m@techcrunch.com,Male
168,Halsey,Gummow,hgummow4n@booking.com,Male
169,Willey,O'Cannovane,wocannovane4o@pcworld.com,Male
170,Clerc,Micheli,cmicheli4p@angelfire.com,Male
171,Lavina,Ubee,lubee4q@oakley.com,Female
172,Ettore,Treadger,etreadger4r@un.org,Male
173,Millisent,Ummfrey,mummfrey4s@msu.edu,Female
174,Tristan,Heikkinen,theikkinen4t@apple.com,Male
175,Thedric,Beacroft,tbeacroft4u@yellowbook.com,Male
176,Francklyn,Setterthwait,fsetterthwait4v@exblog.jp,Male
177,Erika,Ohrt,eohrt4w@soundcloud.com,Female
178,Dianna,Bulpitt,dbulpitt4x@clickbank.net,Female
179,Felice,Dougal,fdougal4y@jigsy.com,Male
180,Christian,Cleminson,ccleminson4z@aboutads.info,Genderqueer
181,Min,Coxall,mcoxall50@seesaa.net,Female
182,Walden,Lucia,wlucia51@forbes.com,Male
183,Winny,Detoc,wdetoc52@state.gov,Female
184,Doralin,Libreros,dlibreros53@twitpic.com,Female
185,Devon,Grigoryov,dgrigoryov54@istockphoto.com,Female
186,Janean,Janus,jjanus55@indiatimes.com,Agender
187,Raquela,Worland,rworland56@youku.com,Female
188,Husein,Ballentime,hballentime57@tiny.cc,Male
189,Jeni,Roll,jroll58@digg.com,Female
190,Kacy,Brood,kbrood59@angelfire.com,Female
191,Codi,Eggers,ceggers5a@jalbum.net,Female
192,Antonino,Terzi,aterzi5b@engadget.com,Male
193,Marlo,Broxton,mbroxton5c@biblegateway.com,Male
194,Daryl,Crookall,dcrookall5d@creativecommons.org,Female
195,Sergent,Pollendine,spollendine5e@zdnet.com,Male
196,Mikkel,Laudham,mlaudham5f@nsw.gov.au,Male
197,Carlynn,Glassard,cglassard5g@reuters.com,Female
198,Simon,Pervoe,spervoe5h@go.com,Male
199,Nels,Borham,nborham5i@goo.gl,Male
200,Car,Ferminger,cferminger5j@irs.gov,Male
201,Paxton,Astman,pastman5k@blinklist.com,Male
202,Kristoffer,Dunge,kdunge5l@smugmug.com,Polygender
203,Dex,Drexel,ddrexel5m@ask.com,Male
204,Kai,Ellum,kellum5n@tmall.com,Female
205,Ahmad,Nicolson,anicolson5o@java.com,Male
206,Putnem,Punyer,ppunyer5p@opera.com,Male
207,Neale,Brotheridge,nbrotheridge5q@independent.co.uk,Male
208,Huntley,Tearny,htearny5r@intel.com,Male
209,Charmain,Starie,cstarie5s@purevolume.com,Female
210,Tobias,Healks,thealks5t@bigcartel.com,Male
211,Theodor,Abilowitz,tabilowitz5u@house.gov,Male
212,Dyane,Cicconettii,dcicconettii5v@umn.edu,Female
213,Mildred,Spyvye,mspyvye5w@mapquest.com,Female
214,Lia,Tarburn,ltarburn5x@narod.ru,Female
215,Silvanus,Challens,schallens5y@yellowpages.com,Male
216,Lissi,Coton,lcoton5z@yellowpages.com,Agender
217,Dorri,Poolton,dpoolton60@stanford.edu,Female
218,Patten,Warde,pwarde61@un.org,Male
219,Baillie,Eberlein,beberlein62@java.com,Male
220,Germain,Bexley,gbexley63@over-blog.com,Female
221,Ada,Leamy,aleamy64@un.org,Female
222,Grenville,Pengelly,gpengelly65@last.fm,Male
223,Oliviero,Sunner,osunner66@google.cn,Male
224,Roddy,Keppe,rkeppe67@behance.net,Male
225,Pascale,Vedenyapin,pvedenyapin68@ezinearticles.com,Male
226,Kile,Pennycock,kpennycock69@narod.ru,Male
227,Goran,Ebhardt,gebhardt6a@google.de,Male
228,Mahala,Weich,mweich6b@arizona.edu,Female
229,Efrem,Wittering,ewittering6c@google.co.uk,Male
230,Heinrik,Crocken,hcrocken6d@bbc.co.uk,Non-binary
231,Vonnie,Akred,vakred6e@issuu.com,Female
232,Bliss,Ferrettini,bferrettini6f@berkeley.edu,Female
233,Afton,Riddles,ariddles6g@hostgator.com,Female
234,Flint,Keuning,fkeuning6h@intel.com,Male
235,Luciano,Verheijden,lverheijden6i@elpais.com,Male
236,Arlan,Hambribe,ahambribe6j@toplist.cz,Male
237,Artair,Filkin,afilkin6k@dedecms.com,Male
238,Harman,McGeouch,hmcgeouch6l@google.nl,Male
239,Conny,Berends,cberends6m@usda.gov,Female
240,Bryan,Coalbran,bcoalbran6n@shinystat.com,Male
241,Charmain,Gratrix,cgratrix6o@toplist.cz,Female
242,Ephrem,Lorek,elorek6p@weebly.com,Polygender
243,Louisa,Pountney,lpountney6q@cam.ac.uk,Female
244,Hanson,Need,hneed6r@discovery.com,Male
245,Pris,Gusney,pgusney6s@youtube.com,Female
246,Christi,Manilow,cmanilow6t@yale.edu,Female
247,Crissie,Lattka,clattka6u@who.int,Female
248,Oliviero,De Carolis,odecarolis6v@goo.gl,Male
249,Leo,Bayless,lbayless6w@hao123.com,Male
250,Booth,Carlesi,bcarlesi6x@hc360.com,Male
251,Stormi,Chisholme,schisholme6y@harvard.edu,Genderqueer
252,Casper,De Maine,cdemaine6z@com.com,Male
253,Kermit,Quernel,kquernel70@nasa.gov,Male
254,Woody,Briars,wbriars71@xing.com,Male
255,Eartha,Rattry,erattry72@nsw.gov.au,Female
256,Skyler,Crookshank,scrookshank73@yahoo.com,Male
257,Kathryn,Mulliss,kmulliss74@prweb.com,Female
258,Granville,Legging,glegging75@sitemeter.com,Male
259,Hadrian,Sneller,hsneller76@psu.edu,Male
260,Jessi,Goodliff,jgoodliff77@unicef.org,Female
261,Cris,Flippelli,cflippelli78@rambler.ru,Male
262,Bryanty,Idiens,bidiens79@macromedia.com,Male
263,Igor,Twelvetree,itwelvetree7a@biblegateway.com,Male
264,Sinclair,Grinvalds,sgrinvalds7b@furl.net,Male
265,Ellswerth,Rickardsson,erickardsson7c@ovh.net,Male
266,Isak,Matchett,imatchett7d@devhub.com,Male
267,Sigfrid,Wreak,swreak7e@instagram.com,Male
268,Lenci,Drains,ldrains7f@google.ru,Male
269,Hildagard,MacKibbon,hmackibbon7g@networkadvertising.org,Female
270,Gabrielle,Pesterfield,gpesterfield7h@msn.com,Female
271,Deina,Jaquest,djaquest7i@theguardian.com,Female
272,Jenn,Macon,jmacon7j@theguardian.com,Female
273,Rickey,Cressey,rcressey7k@bandcamp.com,Male
274,Philippine,Edis,pedis7l@sbwire.com,Female
275,Meredith,Iban,miban7m@seesaa.net,Male
276,Fidelia,Cossington,fcossington7n@amazon.com,Female
277,Leslie,Percy,lpercy7o@ezinearticles.com,Bigender
278,Katinka,Velasquez,kvelasquez7p@state.tx.us,Female
279,Kevon,O'Curneen,kocurneen7q@prnewswire.com,Male
280,Jake,MacKim,jmackim7r@shinystat.com,Male
281,Ewan,Vell,evell7s@miibeian.gov.cn,Male
282,Bernie,Purchase,bpurchase7t@google.ru,Female
283,Hasheem,Burfield,hburfield7u@miitbeian.gov.cn,Male
284,Sydney,Joney,sjoney7v@forbes.com,Female
285,Land,Toynbee,ltoynbee7w@over-blog.com,Male
286,Laurence,Jankin,ljankin7x@seattletimes.com,Male
287,Bogart,Stritton,bstritton7y@cornell.edu,Male
288,Ailina,Hagger,ahagger7z@trellian.com,Female
289,Franciska,Lacroix,flacroix80@last.fm,Female
290,Gill,Osichev,gosichev81@linkedin.com,Female
291,Jere,Coggings,jcoggings82@msn.com,Female
292,Viola,Wyrall,vwyrall83@arstechnica.com,Female
293,Merle,Domleo,mdomleo84@epa.gov,Male
294,Dorthy,Barrim,dbarrim85@clickbank.net,Female
295,Glynn,Aldine,galdine86@ezinearticles.com,Male
296,Dru,Rosie,drosie87@vkontakte.ru,Female
297,Jordan,Gadsden,jgadsden88@yellowpages.com,Male
298,Ky,Brummell,kbrummell89@mac.com,Male
299,Haskell,Rozalski,hrozalski8a@symantec.com,Male
300,Alys,Tallman,atallman8b@privacy.gov.au,Bigender
301,Simonette,Grundle,sgrundle8c@samsung.com,Female
302,Marigold,Catterall,mcatterall8d@fda.gov,Female
303,Silvanus,Goodere,sgoodere8e@sourceforge.net,Male
304,Allina,Loch,aloch8f@github.io,Female
305,Kort,Ellin,kellin8g@netscape.com,Male
306,Gaston,Drought,gdrought8h@reverbnation.com,Male
307,Simeon,Alloway,salloway8i@meetup.com,Male
308,Doralia,Belvin,dbelvin8j@example.com,Female
309,Lorianne,Leeb,lleeb8k@hubpages.com,Female
310,Selina,Fortesquieu,sfortesquieu8l@utexas.edu,Female
311,Ashleigh,Yelding,ayelding8m@flavors.me,Female
312,Siffre,MacKeogh,smackeogh8n@sitemeter.com,Male
313,Taddeo,Emanuel,temanuel8o@blog.com,Male
314,Ninnetta,Grinin,ngrinin8p@hubpages.com,Bigender
315,Moll,Quilligan,mquilligan8q@ycombinator.com,Female
316,Melanie,Luckhurst,mluckhurst8r@geocities.jp,Female
317,Jennifer,Dodson,jdodson8s@blogspot.com,Female
318,Esta,Dowdall,edowdall8t@nymag.com,Bigender
319,Gillan,Shorter,gshorter8u@mozilla.org,Bigender
320,Blake,Lawrance,blawrance8v@com.com,Female
321,Corabel,Rossin,crossin8w@gov.uk,Female
322,Kevon,Slixby,kslixby8x@example.com,Male
323,Nichol,Deehan,ndeehan8y@amazon.co.uk,Female
324,Phillip,Rozet,prozet8z@w3.org,Male
325,Cherilyn,Douty,cdouty90@squidoo.com,Female
326,Moria,Beazley,mbeazley91@hubpages.com,Female
327,Morissa,Wyborn,mwyborn92@fotki.com,Female
328,Pete,Shine,pshine93@squidoo.com,Non-binary
329,Glendon,Ribou,gribou94@loc.gov,Male
330,Shanna,Skerritt,sskerritt95@php.net,Female
331,Junette,Catlette,jcatlette96@bravesites.com,Female
332,Hasheem,Workes,hworkes97@devhub.com,Agender
333,Ely,Medgewick,emedgewick98@mapquest.com,Agender
334,Kimmie,Aymes,kaymes99@bing.com,Female
335,Pattie,Durbridge,pdurbridge9a@ox.ac.uk,Male
336,Byrann,Menier,bmenier9b@soup.io,Male
337,Albie,Vescovini,avescovini9c@webmd.com,Male
338,Juliann,Beine,jbeine9d@theguardian.com,Female
339,Biron,Mattusov,bmattusov9e@twitpic.com,Male
340,Devon,Mc Combe,dmccombe9f@oaic.gov.au,Female
341,Kristen,Ingerith,kingerith9g@go.com,Female
342,Rolland,Satterlee,rsatterlee9h@cyberchimps.com,Male
343,Lorita,Moult,lmoult9i@usgs.gov,Female
344,Karina,Bodocs,kbodocs9j@wikipedia.org,Female
345,Agosto,Nossent,anossent9k@cisco.com,Male
346,Heall,O'Dee,hodee9l@theguardian.com,Male
347,Arluene,Picott,apicott9m@admin.ch,Female
348,Tybi,Baldree,tbaldree9n@salon.com,Female
349,Tasha,Benner,tbenner9o@ocn.ne.jp,Female
350,Page,Trahair,ptrahair9p@a8.net,Non-binary
351,Genni,Rofe,grofe9q@prlog.org,Female
352,Hermy,Abrashkov,habrashkov9r@cam.ac.uk,Male
353,Celina,Busain,cbusain9s@nasa.gov,Female
354,Natty,Northcote,nnorthcote9t@arstechnica.com,Male
355,Ollie,Bollans,obollans9u@posterous.com,Genderfluid
356,Keefe,Cawkill,kcawkill9v@phoca.cz,Male
357,Lucie,Houndesome,lhoundesome9w@php.net,Female
358,Ayn,Dorbon,adorbon9x@ucoz.com,Female
359,Launce,McSkeagan,lmcskeagan9y@dyndns.org,Male
360,Gerrilee,Langmead,glangmead9z@youku.com,Female
361,Denyse,Esseby,dessebya0@cisco.com,Bigender
362,Eadie,Parlour,eparloura1@soundcloud.com,Female
363,Aidan,Borkett,aborketta2@blinklist.com,Female
364,Veriee,Munt,vmunta3@meetup.com,Female
365,Farlee,Chinery,fchinerya4@nbcnews.com,Male
366,Geoffrey,Pick,gpicka5@seattletimes.com,Male
367,Pryce,Hardin,phardina6@infoseek.co.jp,Male
368,Mommy,Pixton,mpixtona7@mac.com,Female
369,Nate,Challiss,nchallissa8@answers.com,Male
370,Kakalina,Hefner,khefnera9@msn.com,Bigender
371,Roslyn,Simester,rsimesteraa@ucsd.edu,Female
372,Darnell,Coltan,dcoltanab@nytimes.com,Male
373,Meredeth,Kirman,mkirmanac@baidu.com,Male
374,Samson,Broadway,sbroadwayad@purevolume.com,Bigender
375,Cecilio,Impson,cimpsonae@parallels.com,Male
376,Hunter,Du Hamel,hduhamelaf@ftc.gov,Male
377,Brooke,O'Loughlin,boloughlinag@loc.gov,Male
378,Cosimo,Petrelli,cpetrelliah@topsy.com,Male
379,Jeni,Benitti,jbenittiai@google.de,Female
380,Iggy,Ownsworth,iownsworthaj@ucoz.com,Male
381,Lane,Davidavidovics,ldavidavidovicsak@yellowbook.com,Male
382,Michael,Curro,mcurroal@princeton.edu,Male
383,Katerine,Gwilliam,kgwilliamam@netlog.com,Female
384,Giraud,Gilding,ggildingan@pagesperso-orange.fr,Male
385,Katlin,Uttridge,kuttridgeao@aboutads.info,Female
386,Daria,Lawler,dlawlerap@tinyurl.com,Female
387,Dalton,Martschik,dmartschikaq@usgs.gov,Male
388,Mirabel,Flecknell,mflecknellar@ucla.edu,Female
389,Darlene,McGhee,dmcgheeas@discuz.net,Female
390,Chick,Jirus,cjirusat@mail.ru,Genderfluid
391,Kakalina,Kleinstern,kkleinsternau@pinterest.com,Female
392,Rogerio,Cundy,rcundyav@aboutads.info,Male
393,Pepita,Fenn,pfennaw@clickbank.net,Female
394,Wylma,Nevinson,wnevinsonax@nature.com,Genderfluid
395,Lilyan,Morsey,lmorseyay@bravesites.com,Female
396,Woodrow,Houchen,whouchenaz@reuters.com,Male
397,Mickie,Band,mbandb0@webs.com,Male
398,Abagael,Jarratt,ajarrattb1@4shared.com,Female
399,Ancell,Cerith,acerithb2@skype.com,Male
400,Yankee,Aspling,yasplingb3@nbcnews.com,Male
401,Georgianna,Hartrick,ghartrickb4@hostgator.com,Female
402,Clarisse,Formie,cformieb5@photobucket.com,Bigender
403,Cecily,Lowles,clowlesb6@gizmodo.com,Female
404,Renae,Wiggam,rwiggamb7@feedburner.com,Female
405,Vallie,Brimman,vbrimmanb8@usatoday.com,Female
406,Chaim,Dunton,cduntonb9@gravatar.com,Male
407,Thelma,Paoloni,tpaoloniba@pen.io,Female
408,Lela,Clethro,lclethrobb@yolasite.com,Female
409,Elianore,Nevill,enevillbc@netvibes.com,Female
410,Sadie,Umpleby,sumplebybd@marriott.com,Female
411,Adolphe,Ferroni,aferronibe@sfgate.com,Male
412,Julieta,Wrightem,jwrightembf@springer.com,Female
413,Ingmar,Marion,imarionbg@imdb.com,Male
414,Arthur,Perrie,aperriebh@odnoklassniki.ru,Male
415,Simone,Tort,stortbi@baidu.com,Female
416,Sayres,Beney,sbeneybj@booking.com,Male
417,Holden,Airton,hairtonbk@china.com.cn,Male
418,Abbey,Simmonett,asimmonettbl@qq.com,Male
419,Charmian,Geard,cgeardbm@twitter.com,Female
420,Deanne,Nana,dnanabn@about.com,Female
421,Iorgo,Readwin,ireadwinbo@cyberchimps.com,Male
422,Andrea,Dowse,adowsebp@shareasale.com,Female
423,Cherrita,Rowston,crowstonbq@shutterfly.com,Female
424,Putnem,Rookesby,prookesbybr@yandex.ru,Male
425,Zollie,Lanon,zlanonbs@pinterest.com,Male
426,Dana,Chancellor,dchancellorbt@drupal.org,Male
427,Beulah,Lowers,blowersbu@wsj.com,Female
428,Kylila,Colebourn,kcolebournbv@vinaora.com,Female
429,Ed,Caville,ecavillebw@imageshack.us,Bigender
430,Perceval,Tinn,ptinnbx@rediff.com,Male
431,Tera,Beeze,tbeezeby@virginia.edu,Female
432,Angelita,Jessep,ajessepbz@toplist.cz,Female
433,Andra,Felipe,afelipec0@jigsy.com,Female
434,Gayle,Dinesen,gdinesenc1@rakuten.co.jp,Female
435,Natal,Pailin,npailinc2@newsvine.com,Male
436,Gaston,Joe,gjoec3@boston.com,Male
437,Nolan,Ousby,nousbyc4@moonfruit.com,Male
438,Rodrigo,Robez,rrobezc5@mediafire.com,Male
439,Romonda,Rhoades,rrhoadesc6@google.it,Non-binary
440,Cristina,Chatten,cchattenc7@wix.com,Female
441,Jacintha,Chess,jchessc8@technorati.com,Female
442,Mayer,Quig,mquigc9@google.pl,Male
443,Marillin,Showering,mshoweringca@nhs.uk,Female
444,Zollie,Cayle,zcaylecb@dell.com,Male
445,Sile,Sparrowe,ssparrowecc@tripadvisor.com,Female
446,Lawton,Handforth,lhandforthcd@bloglines.com,Male
447,Garvin,Taft,gtaftce@qq.com,Agender
448,Eydie,Hoggetts,ehoggettscf@umich.edu,Female
449,Standford,Ronnay,sronnaycg@123-reg.co.uk,Male
450,Odelinda,Runciman,oruncimanch@alexa.com,Female
451,Darren,Hucks,dhucksci@springer.com,Male
452,Dewain,Whetson,dwhetsoncj@cocolog-nifty.com,Male
453,Fowler,Ferrolli,fferrollick@spiegel.de,Male
454,Morton,Izaac,mizaaccl@posterous.com,Male
455,Lynn,Pasek,lpasekcm@vk.com,Male
456,Caprice,McCardle,cmccardlecn@tinypic.com,Female
457,Brien,Haddow,bhaddowco@ox.ac.uk,Non-binary
458,Antin,La Torre,alatorrecp@msn.com,Male
459,Gregoire,Anderson,gandersoncq@who.int,Male
460,Dacey,Mulcaster,dmulcastercr@marriott.com,Female
461,Junette,Bewley,jbewleycs@simplemachines.org,Female
462,Sheba,Ison,sisonct@pinterest.com,Female
463,Franchot,Nairns,fnairnscu@oaic.gov.au,Male
464,Neall,Arghent,narghentcv@g.co,Male
465,Cordey,Aseef,caseefcw@elegantthemes.com,Agender
466,Dacie,Edginton,dedgintoncx@last.fm,Female
467,Bobinette,Howey,bhoweycy@google.pl,Female
468,Irving,Tomisch,itomischcz@jimdo.com,Male
469,Elnar,Stepney,estepneyd0@cbsnews.com,Male
470,Abey,Whitter,awhitterd1@github.io,Bigender
471,Elihu,Jarred,ejarredd2@msn.com,Male
472,Gladys,Mouth,gmouthd3@joomla.org,Female
473,Louise,Maciejak,lmaciejakd4@vkontakte.ru,Female
474,Philip,Hellmer,phellmerd5@loc.gov,Male
475,Meade,De Lacey,mdelaceyd6@cdc.gov,Male
476,Cary,Hobben,chobbend7@ucla.edu,Male
477,Reuven,Beckson,rbecksond8@youtube.com,Male
478,Aida,Hollow,ahollowd9@goo.gl,Female
479,Robinet,Lathe,rlatheda@google.com,Female
480,Happy,Opie,hopiedb@fema.gov,Female
481,Nona,Zanotti,nzanottidc@bbc.co.uk,Female
482,Nye,Minto,nmintodd@printfriendly.com,Male
483,Reuben,Spellsworth,rspellsworthde@europa.eu,Male
484,Meryl,Yashanov,myashanovdf@imgur.com,Female
485,Alastair,Kiernan,akiernandg@ox.ac.uk,Male
486,Karon,Fackrell,kfackrelldh@dot.gov,Genderqueer
487,Nollie,Brightie,nbrightiedi@businessinsider.com,Female
488,Arabele,Iggo,aiggodj@icq.com,Female
489,Jody,Briars,jbriarsdk@ox.ac.uk,Male
490,Valma,Tourmell,vtourmelldl@technorati.com,Female
491,Rhett,Flynn,rflynndm@usatoday.com,Male
492,Dana,McCandless,dmccandlessdn@symantec.com,Male
493,Nathalia,Vaszoly,nvaszolydo@github.com,Female
494,Ara,Bawle,abawledp@wikispaces.com,Male
495,Myra,Halse,mhalsedq@icq.com,Female
496,Ted,Philps,tphilpsdr@cdbaby.com,Male
497,Athena,Burkitt,aburkittds@huffingtonpost.com,Female
498,Ulric,Prowse,uprowsedt@ebay.com,Male
499,Douglass,Billings,dbillingsdu@parallels.com,Male
500,Gerrie,Jacobovitch,gjacobovitchdv@dropbox.com,Male
501,Selma,Bayle,sbayledw@liveinternet.ru,Female
502,Gisela,Stoffels,gstoffelsdx@joomla.org,Female
503,Sherline,Dake,sdakedy@sitemeter.com,Genderfluid
504,Marius,Aingell,maingelldz@diigo.com,Male
505,Ellyn,Frensche,efrenschee0@weibo.com,Female
506,Adrian,Kinney,akinneye1@symantec.com,Genderqueer
507,Powell,Caris,pcarise2@indiatimes.com,Male
508,Ab,Thrift,athrifte3@ning.com,Male
509,Enid,Stainsby,estainsbye4@acquirethisname.com,Bigender
510,Ave,Dryburgh,adryburghe5@uiuc.edu,Male
511,Elvin,Andrewartha,eandrewarthae6@google.com.br,Male
512,Shena,Mallon,smallone7@woothemes.com,Agender
513,Dorrie,Allnutt,dallnutte8@imdb.com,Female
514,Ax,Rothchild,arothchilde9@ed.gov,Male
515,Keefe,Vedishchev,kvedishchevea@google.es,Male
516,Bartie,Cappell,bcappelleb@bloglovin.com,Male
517,Nikoletta,O'Hartagan,nohartaganec@go.com,Female
518,Jodie,Dukes,jdukesed@people.com.cn,Female
519,Inglebert,Ceeley,iceeleyee@istockphoto.com,Male
520,Don,Brou,dbrouef@jalbum.net,Male
521,Lawton,Krollman,lkrollmaneg@accuweather.com,Male
522,Johannes,Preto,jpretoeh@stumbleupon.com,Bigender
523,Conrade,Melburg,cmelburgei@msu.edu,Male
524,Claudie,Triplow,ctriplowej@economist.com,Female
525,Sheridan,Pimm,spimmek@dion.ne.jp,Male
526,Ruthann,Dunbar,rdunbarel@nifty.com,Female
527,Betty,Aldine,baldineem@github.io,Genderqueer
528,Hadley,Camois,hcamoisen@webeden.co.uk,Male
529,Tobias,Methley,tmethleyeo@myspace.com,Male
530,Rosa,Choke,rchokeep@networksolutions.com,Genderqueer
531,Daven,Hogbourne,dhogbourneeq@netvibes.com,Male
532,Ilario,Martinson,imartinsoner@aol.com,Male
533,Bill,Garrood,bgarroodes@narod.ru,Agender
534,Rolando,Allender,rallenderet@gnu.org,Male
535,Julius,Peirone,jpeironeeu@geocities.com,Male
536,Percival,Verbruggen,pverbruggenev@google.it,Male
537,Ranee,Paniman,rpanimanew@phoca.cz,Female
538,Samuel,Toyne,stoyneex@slideshare.net,Male
539,Bogart,Tomaszewicz,btomaszewiczey@skype.com,Male
540,Cad,Gull,cgullez@lycos.com,Male
541,Arron,Witcombe,awitcombef0@yellowpages.com,Male
542,Courtnay,Simonian,csimonianf1@i2i.jp,Female
543,Nicola,Dymick,ndymickf2@mtv.com,Female
544,Reuven,Collingridge,rcollingridgef3@cnbc.com,Polygender
545,Ludwig,Playfoot,lplayfootf4@kickstarter.com,Male
546,Madelena,Loffhead,mloffheadf5@360.cn,Female
547,Perry,Crosse,pcrossef6@t.co,Male
548,Jobi,Maingot,jmaingotf7@shop-pro.jp,Female
549,Eldredge,Woodes,ewoodesf8@google.fr,Male
550,Gardy,Shadfourth,gshadfourthf9@yahoo.com,Male
551,Winslow,Scolli,wscollifa@stumbleupon.com,Male
552,Hadleigh,Annell,hannellfb@unicef.org,Male
553,Brigida,Dumbar,bdumbarfc@cnn.com,Female
554,Dottie,Whorall,dwhorallfd@oaic.gov.au,Female
555,Nikki,Covert,ncovertfe@samsung.com,Female
556,Latrina,Curtois,lcurtoisff@sciencedirect.com,Female
557,Sammie,McClay,smcclayfg@mayoclinic.com,Male
558,Dorthy,Caccavella,dcaccavellafh@telegraph.co.uk,Female
559,Vonni,Pawellek,vpawellekfi@dmoz.org,Female
560,Yule,Bowlesworth,ybowlesworthfj@mlb.com,Male
561,Bennie,Aery,baeryfk@youtube.com,Male
562,Gena,Storms,gstormsfl@google.com,Female
563,Averil,Luigi,aluigifm@discuz.net,Male
564,Lissa,Rivel,lrivelfn@trellian.com,Female
565,Hildegarde,Tourne,htournefo@timesonline.co.uk,Female
566,Cherry,Camoys,ccamoysfp@1688.com,Female
567,Elsey,Mularkey,emularkeyfq@edublogs.org,Female
568,Laryssa,O'Fallowne,lofallownefr@gravatar.com,Female
569,Kalinda,Tzar,ktzarfs@apache.org,Female
570,Barnebas,Leek,bleekft@amazon.com,Male
571,Ingaborg,Roswarn,iroswarnfu@is.gd,Female
572,Bennie,Danell,bdanellfv@ehow.com,Male
573,Frederico,Ranklin,franklinfw@geocities.jp,Male
574,Jacintha,Stutte,jstuttefx@amazon.com,Female
575,Shantee,Tallquist,stallquistfy@unesco.org,Female
576,Barclay,Harrigan,bharriganfz@symantec.com,Male
577,Norbie,Hastings,nhastingsg0@jiathis.com,Male
578,Teddi,Lowne,tlowneg1@myspace.com,Female
579,Gardener,Khilkov,gkhilkovg2@geocities.com,Male
580,Mersey,Tolfrey,mtolfreyg3@archive.org,Female
581,Agosto,Uden,audeng4@seesaa.net,Male
582,Belvia,Bridywater,bbridywaterg5@time.com,Female
583,Domingo,Morhall,dmorhallg6@hp.com,Male
584,Philbert,Boakes,pboakesg7@mapquest.com,Male
585,Jamaal,Allso,jallsog8@behance.net,Male
586,Alberto,Denniss,adennissg9@wsj.com,Male
587,Quintana,Yurasov,qyurasovga@pcworld.com,Female
588,Torrance,Bonds,tbondsgb@theguardian.com,Male
589,Tiertza,Wahner,twahnergc@squidoo.com,Agender
590,Omero,Gullis,ogullisgd@usda.gov,Male
591,Gael,Colchett,gcolchettge@timesonline.co.uk,Female
592,Christos,Rymill,crymillgf@hhs.gov,Male
593,Piotr,Gai,pgaigg@ca.gov,Male
594,Flemming,Dulieu,fdulieugh@accuweather.com,Male
595,Ray,Vedenisov,rvedenisovgi@yellowbook.com,Female
596,Wallie,Yeiles,wyeilesgj@desdev.cn,Female
597,Maria,Verbrugghen,mverbrugghengk@seattletimes.com,Bigender
598,Barri,Merring,bmerringgl@wufoo.com,Male
599,Elmore,Ivamy,eivamygm@purevolume.com,Male
600,Cacilie,Duiged,cduigedgn@salon.com,Female
601,Vinni,Whetnall,vwhetnallgo@salon.com,Female
602,Elvis,Dugget,eduggetgp@npr.org,Male
603,Desdemona,Cowx,dcowxgq@craigslist.org,Female
604,Demetris,Smullen,dsmullengr@adobe.com,Male
605,Maxy,Kentwell,mkentwellgs@so-net.ne.jp,Female
606,Bertrand,Adney,badneygt@addtoany.com,Male
607,Brien,Iannitti,biannittigu@boston.com,Male
608,Domenic,Kennaird,dkennairdgv@boston.com,Male
609,Rina,Paulet,rpauletgw@cdc.gov,Female
610,Germana,Casbon,gcasbongx@nytimes.com,Female
611,Katti,Renny,krennygy@chronoengine.com,Non-binary
612,Elita,Luigi,eluigigz@usa.gov,Female
613,Niko,Sidnall,nsidnallh0@cbsnews.com,Male
614,Brett,Longhirst,blonghirsth1@51.la,Male
615,Johny,Cohani,jcohanih2@mapquest.com,Male
616,Darby,Beccero,dbecceroh3@amazon.com,Male
617,Bone,Hassur,bhassurh4@privacy.gov.au,Non-binary
618,Winne,Etuck,wetuckh5@123-reg.co.uk,Female
619,Clint,Jerger,cjergerh6@bbc.co.uk,Male
620,Bendicty,Flintoffe,bflintoffeh7@surveymonkey.com,Male
621,Xerxes,Crystal,xcrystalh8@yelp.com,Male
622,Allegra,McCarron,amccarronh9@wired.com,Female
623,Inessa,Belison,ibelisonha@nationalgeographic.com,Female
624,Barrie,Machan,bmachanhb@typepad.com,Male
625,Tobiah,Wallett,twalletthc@loc.gov,Male
626,Corbie,Lampaert,clampaerthd@ebay.com,Male
627,Sander,Skellon,sskellonhe@rediff.com,Male
628,Karol,Philippon,kphilipponhf@unesco.org,Female
629,Ignaz,Kivlehan,ikivlehanhg@angelfire.com,Male
630,Lyndsay,Miles,lmileshh@gnu.org,Genderqueer
631,Rodney,Sansam,rsansamhi@wikispaces.com,Male
632,Gertrudis,Antcliff,gantcliffhj@yellowpages.com,Female
633,Fredrick,Andrys,fandryshk@bbc.co.uk,Male
634,Elsi,Minithorpe,eminithorpehl@live.com,Female
635,Edithe,Donaher,edonaherhm@mac.com,Female
636,Emlen,Germain,egermainhn@wordpress.org,Male
637,Susette,Batecok,sbatecokho@dyndns.org,Female
638,Jehu,Iwanowicz,jiwanowiczhp@oakley.com,Male
639,Stacy,Chevers,schevershq@list-manage.com,Male
640,Cathi,Kilkenny,ckilkennyhr@spiegel.de,Female
641,Cathryn,Tern,cternhs@goodreads.com,Female
642,Aurelia,Beebee,abeebeeht@pen.io,Female
643,Gasparo,Aglione,gaglionehu@wp.com,Male
644,Chevalier,Klimochkin,cklimochkinhv@nps.gov,Male
645,Micaela,Lambeth,mlambethhw@flavors.me,Female
646,Rhodie,Stears,rstearshx@chronoengine.com,Female
647,Law,Tabner,ltabnerhy@walmart.com,Male
648,Yvette,Skudder,yskudderhz@123-reg.co.uk,Female
649,Chev,Lovel,cloveli0@hao123.com,Male
650,Olwen,McCarlich,omccarlichi1@mlb.com,Female
651,Patricia,Kinkade,pkinkadei2@bandcamp.com,Female
652,Arthur,Denidge,adenidgei3@theguardian.com,Male
653,Zuzana,Mayhow,zmayhowi4@angelfire.com,Female
654,Janie,Geekie,jgeekiei5@indiatimes.com,Female
655,Melisande,Chicchelli,mchicchellii6@theguardian.com,Female
656,Donavon,Tebbit,dtebbiti7@ucoz.ru,Male
657,Maynard,Mennell,mmennelli8@dmoz.org,Male
658,Hy,Rief,hriefi9@mozilla.com,Male
659,Melli,Eisig,meisigia@homestead.com,Female
660,Odele,Kingsland,okingslandib@goodreads.com,Female
661,Sammy,Krol,skrolic@desdev.cn,Female
662,Winne,Grinaugh,wgrinaughid@yahoo.co.jp,Female
663,Steffie,Visick,svisickie@homestead.com,Female
664,Randi,McGookin,rmcgookinif@nationalgeographic.com,Female
665,Torrin,Illsley,tillsleyig@indiatimes.com,Male
666,Adriana,Flay,aflayih@alexa.com,Female
667,Freeman,Eloy,feloyii@constantcontact.com,Male
668,Darwin,Hourihan,dhourihanij@mozilla.com,Male
669,Netty,Southwood,nsouthwoodik@craigslist.org,Female
670,Brnaba,Dulanty,bdulantyil@hp.com,Male
671,Flinn,Durman,fdurmanim@booking.com,Male
672,Jonie,Eyckelberg,jeyckelbergin@google.it,Female
673,Phyllis,Liepins,pliepinsio@e-recht24.de,Female
674,Alanna,Richardeau,arichardeauip@amazon.co.jp,Female
675,Elysee,Hannibal,ehannibaliq@github.io,Female
676,Wandis,Rey,wreyir@trellian.com,Female
677,Kellen,Binding,kbindingis@chronoengine.com,Polygender
678,Benn,Sherston,bsherstonit@goo.gl,Male
679,Kahaleel,Waison,kwaisoniu@devhub.com,Bigender
680,Lorene,Phidgin,lphidginiv@amazon.com,Female
681,Ken,Laws,klawsiw@flavors.me,Male
682,Merrick,MacMearty,mmacmeartyix@msu.edu,Male
683,Camel,Newvill,cnewvilliy@ovh.net,Female
684,Rois,Brownjohn,rbrownjohniz@about.me,Female
685,Ardis,Brocket,abrocketj0@msu.edu,Female
686,Carlota,Matushenko,cmatushenkoj1@washington.edu,Female
687,Marianna,Griffey,mgriffeyj2@t.co,Female
688,Cyrille,Hryncewicz,chryncewiczj3@europa.eu,Male
689,Sigvard,Jearum,sjearumj4@ebay.com,Male
690,Tanitansy,Merry,tmerryj5@google.com,Female
691,Pamela,Bread,pbreadj6@statcounter.com,Female
692,Clint,Wheelton,cwheeltonj7@chicagotribune.com,Male
693,Ara,Pisco,apiscoj8@bandcamp.com,Female
694,Avril,Hagland,ahaglandj9@sphinn.com,Female
695,Pru,Joselin,pjoselinja@stumbleupon.com,Female
696,Sisely,Khotler,skhotlerjb@google.nl,Female
697,Clementina,Bisson,cbissonjc@berkeley.edu,Female
698,Cathyleen,Foard,cfoardjd@cnn.com,Female
699,Agatha,Ziemke,aziemkeje@unicef.org,Female
700,Allistir,Prantl,aprantljf@51.la,Male
701,Edouard,Handrek,ehandrekjg@fastcompany.com,Male
702,Maurizio,Moro,mmorojh@hibu.com,Male
703,Von,Fishpoole,vfishpooleji@netscape.com,Male
704,Cortie,Pittet,cpittetjj@wordpress.org,Male
705,Koressa,Alcorn,kalcornjk@arizona.edu,Female
706,Powell,Magee,pmageejl@oracle.com,Male
707,Glenna,Haskins,ghaskinsjm@tripod.com,Female
708,Ardath,Hilldrop,ahilldropjn@google.es,Female
709,Baxter,Marl,bmarljo@123-reg.co.uk,Male
710,Sandro,Gauld,sgauldjp@yale.edu,Agender
711,Saundra,Robert,srobertjq@si.edu,Male
712,Nettie,Laborde,nlabordejr@ucoz.com,Female
713,Karyn,Lygo,klygojs@baidu.com,Female
714,Earl,Dimmick,edimmickjt@moonfruit.com,Male
715,Jonathon,Phebee,jphebeeju@marriott.com,Male
716,Carey,Curwood,ccurwoodjv@google.es,Male
717,Kiel,Goodram,kgoodramjw@jugem.jp,Male
718,Murial,Siberry,msiberryjx@diigo.com,Genderqueer
719,Madlin,McKintosh,mmckintoshjy@domainmarket.com,Female
720,Maryl,Wellington,mwellingtonjz@usda.gov,Polygender
721,Blinni,Kabisch,bkabischk0@nationalgeographic.com,Female
722,Joellyn,Caseborne,jcasebornek1@constantcontact.com,Female
723,Alleyn,Blemen,ablemenk2@cargocollective.com,Male
724,Kirby,Douthwaite,kdouthwaitek3@mozilla.org,Female
725,Roth,Switzer,rswitzerk4@google.co.uk,Male
726,Coreen,Feak,cfeakk5@accuweather.com,Female
727,Marcelo,Chevalier,mchevalierk6@simplemachines.org,Male
728,Lucais,Kimber,lkimberk7@amazon.co.uk,Male
729,Rockey,La Rosa,rlarosak8@godaddy.com,Male
730,Carolan,Ericssen,cericssenk9@quantcast.com,Female
731,Rickie,Grassi,rgrassika@va.gov,Male
732,Quill,Stinson,qstinsonkb@fda.gov,Male
733,Jess,Gerardet,jgerardetkc@google.es,Male
734,Cletis,Traite,ctraitekd@illinois.edu,Male
735,Kali,Wabe,kwabeke@163.com,Female
736,Dennie,Wane,dwanekf@wix.com,Male
737,Ansel,Tydd,atyddkg@nydailynews.com,Male
738,Rachel,Bockmaster,rbockmasterkh@businessinsider.com,Female
739,Kristoffer,O' Hogan,kohoganki@so-net.ne.jp,Genderfluid
740,Jammal,Eskriett,jeskriettkj@sphinn.com,Male
741,Ilyssa,Tonepohl,itonepohlkk@merriam-webster.com,Female
742,Dian,Pardon,dpardonkl@va.gov,Female
743,Melody,Dell 'Orto,mdellortokm@sohu.com,Female
744,Sully,Whitty,swhittykn@smugmug.com,Male
745,Lonnie,Backhouse,lbackhouseko@typepad.com,Female
746,Hillery,Dring,hdringkp@merriam-webster.com,Male
747,Stanfield,Wackett,swackettkq@nbcnews.com,Male
748,Max,Cockshoot,mcockshootkr@army.mil,Male
749,Trey,Titt,ttittks@eventbrite.com,Male
750,Janis,Meanwell,jmeanwellkt@home.pl,Female
751,Nichols,Haine,nhaineku@vk.com,Male
752,Silva,Malzard,smalzardkv@studiopress.com,Female
753,Fonz,Ibeson,fibesonkw@ox.ac.uk,Male
754,Delphinia,McVity,dmcvitykx@apache.org,Female
755,Debora,Davioud,ddavioudky@homestead.com,Genderqueer
756,Francene,Goddman,fgoddmankz@reddit.com,Female
757,Gaston,Vader,gvaderl0@mashable.com,Male
758,Lorne,Wallbrook,lwallbrookl1@1688.com,Male
759,Olivero,Tofful,otoffull2@mail.ru,Male
760,Cindie,Koche,ckochel3@wufoo.com,Female
761,Mauricio,Seagar,mseagarl4@delicious.com,Male
762,Suzann,Barz,sbarzl5@macromedia.com,Female
763,Charmaine,Kiehne,ckiehnel6@simplemachines.org,Female
764,Elwin,Cleugher,ecleugherl7@forbes.com,Male
765,Taffy,Eliez,teliezl8@ibm.com,Genderfluid
766,Dinnie,Macey,dmaceyl9@github.io,Genderfluid
767,Gael,Tropman,gtropmanla@nyu.edu,Female
768,Shaylah,Bouldon,sbouldonlb@de.vu,Female
769,Colline,Knibley,cknibleylc@unicef.org,Female
770,Fraze,Gagan,fgaganld@icq.com,Male
771,Hannah,Chasmar,hchasmarle@tinypic.com,Female
772,Don,Sansom,dsansomlf@intel.com,Male
773,Elissa,Bliven,eblivenlg@engadget.com,Bigender
774,Ardys,Loffhead,aloffheadlh@nbcnews.com,Female
775,Elias,Gobeau,egobeauli@reference.com,Male
776,Lorianna,Fredi,lfredilj@about.me,Female
777,Gail,Espinha,gespinhalk@tamu.edu,Polygender
778,Cornelius,Churchyard,cchurchyardll@goodreads.com,Male
779,Trace,Penswick,tpenswicklm@wiley.com,Male
780,Jobye,Servis,jservisln@adobe.com,Female
781,Jaquelin,Roebuck,jroebucklo@wordpress.org,Female
782,Delmar,Rumble,drumblelp@typepad.com,Male
783,Flory,Hansman,fhansmanlq@bloglovin.com,Female
784,Jules,Carpenter,jcarpenterlr@trellian.com,Non-binary
785,Deva,Tabourin,dtabourinls@state.tx.us,Female
786,Aurlie,Prendergrass,aprendergrasslt@jigsy.com,Female
787,Boris,Joberne,bjobernelu@blogtalkradio.com,Male
788,Frank,Lingfoot,flingfootlv@dagondesign.com,Male
789,Angelika,Danev,adanevlw@slashdot.org,Female
790,Aleece,Mazin,amazinlx@symantec.com,Female
791,Georgianne,Cristofor,gcristoforly@prnewswire.com,Female
792,Lucita,Colin,lcolinlz@constantcontact.com,Female
793,Verile,Lowers,vlowersm0@scribd.com,Female
794,Jorrie,Brownhill,jbrownhillm1@flickr.com,Female
795,Barth,Guerri,bguerrim2@opensource.org,Male
796,Jefferson,Godrich,jgodrichm3@edublogs.org,Male
797,Blair,Redfield,bredfieldm4@nymag.com,Male
798,Julius,Jemmett,jjemmettm5@flickr.com,Male
799,Tatum,Piborn,tpibornm6@weather.com,Female
800,Aluino,Barwick,abarwickm7@discuz.net,Male
801,Hermine,Lyfe,hlyfem8@dailymotion.com,Female
802,Marjory,Weakley,mweakleym9@about.me,Genderqueer
803,Stefan,Lghan,slghanma@twitter.com,Male
804,Rori,Pietersen,rpietersenmb@naver.com,Female
805,Maddie,Welling,mwellingmc@bizjournals.com,Male
806,Sander,Itschakov,sitschakovmd@marriott.com,Male
807,Webb,Grissett,wgrissettme@homestead.com,Male
808,Rianon,Paoletti,rpaolettimf@narod.ru,Female
809,Quillan,Glenn,qglennmg@geocities.jp,Male
810,Hanson,Learie,hleariemh@cam.ac.uk,Male
811,Isadore,Schreiner,ischreinermi@mysql.com,Male
812,Olly,Bayldon,obayldonmj@hexun.com,Male
813,Belicia,de Cullip,bdecullipmk@google.fr,Female
814,Brandtr,Grivori,bgrivoriml@tripadvisor.com,Bigender
815,Reube,Bolle,rbollemm@flavors.me,Male
816,Grange,Gilbride,ggilbridemn@pagesperso-orange.fr,Male
817,Lorrie,Pennuzzi,lpennuzzimo@moonfruit.com,Female
818,Aindrea,Garrad,agarradmp@wordpress.org,Female
819,Orsola,Threadgould,othreadgouldmq@usa.gov,Female
820,Reilly,Ide,ridemr@cisco.com,Male
821,Murray,Green,mgreenms@apache.org,Agender
822,Ado,Bullough,abulloughmt@uol.com.br,Male
823,Glynn,Soares,gsoaresmu@weebly.com,Male
824,Leon,Eliet,lelietmv@seattletimes.com,Male
825,Morly,Lenton,mlentonmw@ft.com,Male
826,Alessandra,Gimlet,agimletmx@twitter.com,Female
827,Olympe,Luis,oluismy@wikipedia.org,Female
828,Kat,Scogin,kscoginmz@psu.edu,Female
829,Pauline,Greedier,pgreediern0@is.gd,Female
830,Hillel,Brennenstuhl,hbrennenstuhln1@hhs.gov,Male
831,Aime,Elcott,aelcottn2@tumblr.com,Female
832,Jodie,Dunbobbin,jdunbobbinn3@paginegialle.it,Male
833,Penny,Earney,pearneyn4@globo.com,Male
834,Meir,Attree,mattreen5@ucoz.com,Male
835,Flemming,Laydon,flaydonn6@reddit.com,Agender
836,Britte,Curnok,bcurnokn7@a8.net,Female
837,Minnnie,Massow,mmassown8@admin.ch,Female
838,Antony,Bosquet,abosquetn9@yellowbook.com,Male
839,Anatole,Howis,ahowisna@histats.com,Male
840,Karlene,Howton,khowtonnb@webmd.com,Female
841,Elle,Longfellow,elongfellownc@admin.ch,Female
842,Gill,Hartman,ghartmannd@cam.ac.uk,Male
843,Doe,Maplesden,dmaplesdenne@mlb.com,Female
844,Amalea,Baugham,abaughamnf@ycombinator.com,Female
845,Justina,Mityushkin,jmityushkinng@harvard.edu,Female
846,Thorvald,Funcheon,tfuncheonnh@geocities.jp,Male
847,Pail,Aronovich,paronovichni@51.la,Male
848,Muffin,Prisley,mprisleynj@networksolutions.com,Female
849,Fenelia,Gartside,fgartsidenk@cnet.com,Female
850,Devan,Hitter,dhitternl@webnode.com,Female
851,Alyce,Lowrey,alowreynm@imgur.com,Bigender
852,Esme,Iacoviello,eiacoviellonn@youtube.com,Male
853,Genovera,Kruschov,gkruschovno@samsung.com,Female
854,Klaus,Hairsine,khairsinenp@dot.gov,Male
855,Anthony,Benneton,abennetonnq@umich.edu,Male
856,Quint,Pickering,qpickeringnr@accuweather.com,Genderqueer
857,Arlin,Truin,atruinns@fotki.com,Male
858,Chelsie,Parrett,cparrettnt@cnbc.com,Female
859,Cole,Jochen,cjochennu@quantcast.com,Male
860,Ad,Lindman,alindmannv@shinystat.com,Male
861,Wrennie,Tasker,wtaskernw@usatoday.com,Female
862,Udell,Pretsel,upretselnx@wsj.com,Male
863,Lawton,Thompsett,lthompsettny@cnbc.com,Male
864,Braden,Cattini,bcattininz@4shared.com,Male
865,Didi,Hagergham,dhagerghamo0@jiathis.com,Genderfluid
866,Agata,Hedditch,ahedditcho1@multiply.com,Female
867,Arda,Le Fevre,alefevreo2@comsenz.com,Female
868,Aeriela,Fold,afoldo3@shinystat.com,Female
869,Wilbur,Semken,wsemkeno4@indiegogo.com,Male
870,Linc,Jerrard,ljerrardo5@wikimedia.org,Male
871,Maegan,Konrad,mkonrado6@addthis.com,Female
872,Marco,Colvin,mcolvino7@oracle.com,Genderqueer
873,Tanner,Wadeling,twadelingo8@mapquest.com,Male
874,Rowe,Fischer,rfischero9@newsvine.com,Female
875,Ruby,Bazoche,rbazocheoa@craigslist.org,Non-binary
876,Corene,Antoinet,cantoinetob@harvard.edu,Female
877,Cirillo,Casiroli,ccasirolioc@macromedia.com,Non-binary
878,Huntington,Harbison,hharbisonod@jiathis.com,Male
879,Gaspard,Auletta,gaulettaoe@si.edu,Male
880,Codie,Leopard,cleopardof@answers.com,Genderqueer
881,Sauncho,Leslie,sleslieog@phpbb.com,Male
882,Leena,Cordero,lcorderooh@usnews.com,Female
883,Rhett,Monro,rmonrooi@dion.ne.jp,Male
884,Enrique,Probin,eprobinoj@pagesperso-orange.fr,Male
885,Nero,Dani,ndaniok@stanford.edu,Male
886,Nikolai,Bowskill,nbowskillol@pagesperso-orange.fr,Male
887,Burg,Gosford,bgosfordom@vistaprint.com,Male
888,Dasie,Ginman,dginmanon@va.gov,Female
889,Barry,Arndell,barndelloo@liveinternet.ru,Female
890,Brooke,Kelcher,bkelcherop@weibo.com,Male
891,Barny,Halliburton,bhalliburtonoq@alibaba.com,Male
892,Kenon,Custance,kcustanceor@amazon.de,Male
893,Cameron,Gonthard,cgonthardos@microsoft.com,Genderqueer
894,Logan,Conerding,lconerdingot@lulu.com,Male
895,Norma,Zanneli,nzanneliou@a8.net,Non-binary
896,Nickey,Ingon,ningonov@reddit.com,Male
897,Jo-ann,Edwick,jedwickow@imageshack.us,Female
898,Erl,Woolway,ewoolwayox@discuz.net,Male
899,Lodovico,Skeats,lskeatsoy@blinklist.com,Male
900,Drud,Huff,dhuffoz@freewebs.com,Male
901,Jefferey,Fernanando,jfernanandop0@blinklist.com,Male
902,Vonny,McSaul,vmcsaulp1@arizona.edu,Female
903,Diane,MacLaughlin,dmaclaughlinp2@yellowbook.com,Female
904,Ajay,Delmage,adelmagep3@independent.co.uk,Female
905,Marne,Craven,mcravenp4@webeden.co.uk,Female
906,Harmon,Gile,hgilep5@php.net,Male
907,Valentia,Hubberstey,vhubbersteyp6@networkadvertising.org,Female
908,Cam,Harbert,charbertp7@soup.io,Female
909,Aigneis,McTerry,amcterryp8@paginegialle.it,Female
910,Abraham,Kersting,akerstingp9@constantcontact.com,Male
911,Kristofer,Rist,kristpa@yale.edu,Male
912,Christopher,Ladbrook,cladbrookpb@indiatimes.com,Male
913,Gilberto,Wane,gwanepc@w3.org,Male
914,Thain,Witherow,twitherowpd@tripadvisor.com,Male
915,Francesco,Hinchcliffe,fhinchcliffepe@arizona.edu,Male
916,Monty,Lardge,mlardgepf@dailymotion.com,Polygender
917,Darrelle,Martlew,dmartlewpg@example.com,Female
918,Rahal,Brodbin,rbrodbinph@redcross.org,Female
919,Sherie,Jedrych,sjedrychpi@eepurl.com,Female
920,Thacher,Oland,tolandpj@slideshare.net,Male
921,Kip,Ilyinykh,kilyinykhpk@de.vu,Female
922,Sibyl,Klimkovich,sklimkovichpl@scribd.com,Male
923,Tarrah,Krolak,tkrolakpm@chicagotribune.com,Female
924,Miner,Bartlomiejczyk,mbartlomiejczykpn@dion.ne.jp,Male
925,Ogdan,Ianittello,oianittellopo@w3.org,Male
926,Gale,Jemmison,gjemmisonpp@altervista.org,Male
927,Tarah,Kolak,tkolakpq@imdb.com,Female
928,Montgomery,Frogley,mfrogleypr@cnn.com,Male
929,Maud,Mora,mmoraps@51.la,Polygender
930,Kacie,Brisley,kbrisleypt@sina.com.cn,Female
931,Morie,Nevin,mnevinpu@hostgator.com,Male
932,Matty,Yushkov,myushkovpv@smh.com.au,Male
933,Cymbre,Keavy,ckeavypw@studiopress.com,Female
934,Marcellina,Fonquernie,mfonquerniepx@free.fr,Agender
935,Teddy,Bangley,tbangleypy@merriam-webster.com,Non-binary
936,Iorgos,Searl,isearlpz@cocolog-nifty.com,Male
937,Abram,Bummfrey,abummfreyq0@reuters.com,Male
938,Wilt,Bartelli,wbartelliq1@webnode.com,Male
939,Miguel,Erik,merikq2@nydailynews.com,Male
940,Mirella,Borrett,mborrettq3@tmall.com,Female
941,Rhea,Nicolls,rnicollsq4@flavors.me,Female
942,Alta,Cunnah,acunnahq5@fastcompany.com,Female
943,Sandie,Diess,sdiessq6@shinystat.com,Female
944,Laurette,Kingsnoad,lkingsnoadq7@facebook.com,Female
945,Burtie,Hadcroft,bhadcroftq8@trellian.com,Agender
946,Marne,Meller,mmellerq9@mapy.cz,Female
947,Marcelline,Parr,mparrqa@cbsnews.com,Female
948,Cordi,Toulch,ctoulchqb@indiatimes.com,Female
949,Beauregard,Moreno,bmorenoqc@dmoz.org,Male
950,Rustin,Leckenby,rleckenbyqd@netscape.com,Male
951,Dorian,Larmett,dlarmettqe@bandcamp.com,Female
952,Donavon,Bingley,dbingleyqf@theguardian.com,Male
953,Zelig,Ferrone,zferroneqg@tumblr.com,Male
954,Elvyn,England,eenglandqh@infoseek.co.jp,Male
955,Deana,Hannaby,dhannabyqi@economist.com,Genderfluid
956,Babb,Bonifas,bbonifasqj@indiatimes.com,Polygender
957,Ester,Eshelby,eeshelbyqk@oakley.com,Female
958,Farrel,MacPeake,fmacpeakeql@google.cn,Male
959,Cory,Prynne,cprynneqm@dyndns.org,Male
960,Felizio,Frissell,ffrissellqn@hao123.com,Male
961,Lilly,Anderton,landertonqo@go.com,Female
962,Odette,Houseley,ohouseleyqp@archive.org,Female
963,Inge,Daville,idavilleqq@amazonaws.com,Female
964,Eliza,Boughey,ebougheyqr@gravatar.com,Female
965,Ansell,Scoffins,ascoffinsqs@amazon.co.jp,Male
966,Alfred,Eykelhof,aeykelhofqt@uiuc.edu,Male
967,Jamison,Bewly,jbewlyqu@ca.gov,Male
968,Sebastiano,Pettiford,spettifordqv@163.com,Male
969,Ferne,Levington,flevingtonqw@disqus.com,Female
970,Filippo,Rounding,froundingqx@themeforest.net,Male
971,Siana,Whitta,swhittaqy@hugedomains.com,Female
972,Robby,Cogle,rcogleqz@goodreads.com,Male
973,Anton,Ashton,aashtonr0@flickr.com,Male
974,Shem,O'Hingerty,sohingertyr1@amazon.de,Male
975,Nettie,Lanning,nlanningr2@independent.co.uk,Female
976,Ragnar,Axten,raxtenr3@com.com,Male
977,Nalani,Rablen,nrablenr4@bravesites.com,Female
978,Adan,Catlette,acatletter5@cargocollective.com,Male
979,Anastasia,Barnes,abarnesr6@latimes.com,Female
980,Boothe,Tall,btallr7@economist.com,Male
981,Rand,Clapston,rclapstonr8@goo.ne.jp,Male
982,Fredrika,Jesson,fjessonr9@simplemachines.org,Female
983,Karel,Topaz,ktopazra@google.co.uk,Female
984,Dewie,Sulley,dsulleyrb@over-blog.com,Male
985,Hewet,Halwood,hhalwoodrc@icq.com,Male
986,Danni,Phythien,dphythienrd@prnewswire.com,Female
987,Henderson,Gatling,hgatlingre@over-blog.com,Male
988,Dedra,Winley,dwinleyrf@state.tx.us,Female
989,Kira,Cerie,kcerierg@google.de,Female
990,Fiona,Tuckie,ftuckierh@tinyurl.com,Female
991,Pandora,Lempel,plempelri@shareasale.com,Female
992,Gerta,Elix,gelixrj@cbslocal.com,Female
993,Corine,Prescote,cprescoterk@moonfruit.com,Female
994,Thomasin,Burford,tburfordrl@pbs.org,Female
995,Boy,Knipe,bkniperm@bbc.co.uk,Male
996,Dena,Frichley,dfrichleyrn@alibaba.com,Female
997,Ailee,Billison,abillisonro@twitpic.com,Female
998,Tedi,Maroney,tmaroneyrp@vistaprint.com,Female
999,Ceciley,McGrady,cmcgradyrq@mozilla.org,Female
1000,Maisie,Penylton,mpenyltonrr@naver.com,Polygender
